"_id","kata","tgl_dibuat","tgl_dirubah"
"1","ada","2020-04-01 20:22:20","2020-04-01 22:13:51"
"2","adalah","2020-04-01 20:22:20",NULL
"3","adanya","2020-04-01 20:22:20",NULL
"4","adapun","2020-04-01 20:22:20",NULL
"5","agak","2020-04-01 20:22:20",NULL
"6","agaknya","2020-04-01 20:22:20",NULL
"7","agar","2020-04-01 20:22:20",NULL
"8","akan","2020-04-01 20:22:20",NULL
"9","akankah","2020-04-01 20:22:20",NULL
"10","akhir","2020-04-01 20:22:20",NULL
"11","akhiri","2020-04-01 20:22:20",NULL
"12","akhirnya","2020-04-01 20:22:20",NULL
"13","aku","2020-04-01 20:22:20",NULL
"14","akulah","2020-04-01 20:22:20",NULL
"15","amat","2020-04-01 20:22:20",NULL
"16","amatlah","2020-04-01 20:22:20",NULL
"17","anda","2020-04-01 20:22:20",NULL
"18","andalah","2020-04-01 20:22:20",NULL
"19","antar","2020-04-01 20:22:20",NULL
"20","antara","2020-04-01 20:22:20",NULL
"21","antaranya","2020-04-01 20:22:20",NULL
"22","apa","2020-04-01 20:22:20",NULL
"23","apaan","2020-04-01 20:22:20",NULL
"24","apabila","2020-04-01 20:22:20",NULL
"25","apakah","2020-04-01 20:22:20",NULL
"26","apalagi","2020-04-01 20:22:20",NULL
"27","apatah","2020-04-01 20:22:20",NULL
"28","artinya","2020-04-01 20:22:20",NULL
"29","asal","2020-04-01 20:22:20",NULL
"30","asalkan","2020-04-01 20:22:20",NULL
"31","atas","2020-04-01 20:22:20",NULL
"32","atau","2020-04-01 20:22:20",NULL
"33","ataukah","2020-04-01 20:22:20",NULL
"34","ataupun","2020-04-01 20:22:20",NULL
"35","awal","2020-04-01 20:22:20",NULL
"36","awalnya","2020-04-01 20:22:20",NULL
"37","bagai","2020-04-01 20:22:20",NULL
"38","bagaikan","2020-04-01 20:22:20",NULL
"39","bagaimana","2020-04-01 20:22:20",NULL
"40","bagaimanakah","2020-04-01 20:22:20",NULL
"41","bagaimanapun","2020-04-01 20:22:20",NULL
"42","bagi","2020-04-01 20:22:20",NULL
"43","bagian","2020-04-01 20:22:20",NULL
"44","bahkan","2020-04-01 20:22:20",NULL
"45","bahwa","2020-04-01 20:22:20",NULL
"46","bahwasanya","2020-04-01 20:22:20",NULL
"47","baik","2020-04-01 20:22:20",NULL
"48","bakal","2020-04-01 20:22:20",NULL
"49","bakalan","2020-04-01 20:22:20",NULL
"50","balik","2020-04-01 20:22:20",NULL
"51","banyak","2020-04-01 20:22:20",NULL
"52","bapak","2020-04-01 20:22:20",NULL
"53","baru","2020-04-01 20:22:20",NULL
"54","bawah","2020-04-01 20:22:20",NULL
"55","beberapa","2020-04-01 20:22:20",NULL
"56","begini","2020-04-01 20:22:20",NULL
"57","beginian","2020-04-01 20:22:20",NULL
"58","beginikah","2020-04-01 20:22:20",NULL
"59","beginilah","2020-04-01 20:22:20",NULL
"60","begitu","2020-04-01 20:22:20",NULL
"61","begitukah","2020-04-01 20:22:20",NULL
"62","begitulah","2020-04-01 20:22:20",NULL
"63","begitupun","2020-04-01 20:22:20",NULL
"64","bekerja","2020-04-01 20:22:20",NULL
"65","belakang","2020-04-01 20:22:20",NULL
"66","belakangan","2020-04-01 20:22:20",NULL
"67","belum","2020-04-01 20:22:20",NULL
"68","belumlah","2020-04-01 20:22:20",NULL
"69","benar","2020-04-01 20:22:20",NULL
"70","benarkah","2020-04-01 20:22:20",NULL
"71","benarlah","2020-04-01 20:22:20",NULL
"72","berada","2020-04-01 20:22:20",NULL
"73","berakhir","2020-04-01 20:22:20",NULL
"74","berakhirlah","2020-04-01 20:22:20",NULL
"75","berakhirnya","2020-04-01 20:22:20",NULL
"76","berapa","2020-04-01 20:22:20",NULL
"77","berapakah","2020-04-01 20:22:20",NULL
"78","berapalah","2020-04-01 20:22:20",NULL
"79","berapapun","2020-04-01 20:22:20",NULL
"80","berarti","2020-04-01 20:22:20",NULL
"81","berawal","2020-04-01 20:22:20",NULL
"82","berbagai","2020-04-01 20:22:20",NULL
"83","berdatangan","2020-04-01 20:22:20",NULL
"84","beri","2020-04-01 20:22:20",NULL
"85","berikan","2020-04-01 20:22:20",NULL
"86","berikut","2020-04-01 20:22:20",NULL
"87","berikutnya","2020-04-01 20:22:20",NULL
"88","berjumlah","2020-04-01 20:22:20",NULL
"89","berkali-kali","2020-04-01 20:22:20",NULL
"90","berkata","2020-04-01 20:22:20",NULL
"91","berkehendak","2020-04-01 20:22:20",NULL
"92","berkeinginan","2020-04-01 20:22:20",NULL
"93","berkenaan","2020-04-01 20:22:20",NULL
"94","berlainan","2020-04-01 20:22:20",NULL
"95","berlalu","2020-04-01 20:22:20",NULL
"96","berlangsung","2020-04-01 20:22:20",NULL
"97","berlebihan","2020-04-01 20:22:20",NULL
"98","bermacam","2020-04-01 20:22:20",NULL
"99","bermacam-macam","2020-04-01 20:22:20",NULL
"100","bermaksud","2020-04-01 20:22:20",NULL
"101","bermula","2020-04-01 20:22:20",NULL
"102","bersama","2020-04-01 20:22:20",NULL
"103","bersama-sama","2020-04-01 20:22:20",NULL
"104","bersiap","2020-04-01 20:22:20",NULL
"105","bersiap-siap","2020-04-01 20:22:20",NULL
"106","bertanya","2020-04-01 20:22:20",NULL
"107","bertanya-tanya","2020-04-01 20:22:20",NULL
"108","berturut","2020-04-01 20:22:20",NULL
"109","berturut-turut","2020-04-01 20:22:20",NULL
"110","bertutur","2020-04-01 20:22:20",NULL
"111","berujar","2020-04-01 20:22:20",NULL
"112","berupa","2020-04-01 20:22:20",NULL
"113","besar","2020-04-01 20:22:20",NULL
"114","betul","2020-04-01 20:22:20",NULL
"115","betulkah","2020-04-01 20:22:20",NULL
"116","biasa","2020-04-01 20:22:20",NULL
"117","biasanya","2020-04-01 20:22:20",NULL
"118","bila","2020-04-01 20:22:20",NULL
"119","bilakah","2020-04-01 20:22:20",NULL
"120","bisa","2020-04-01 20:22:20",NULL
"121","bisakah","2020-04-01 20:22:20",NULL
"122","boleh","2020-04-01 20:22:20",NULL
"123","bolehkah","2020-04-01 20:22:20",NULL
"124","bolehlah","2020-04-01 20:22:20",NULL
"125","buat","2020-04-01 20:22:20",NULL
"126","bukan","2020-04-01 20:22:20",NULL
"127","bukankah","2020-04-01 20:22:20",NULL
"128","bukanlah","2020-04-01 20:22:20",NULL
"129","bukannya","2020-04-01 20:22:20",NULL
"130","bulan","2020-04-01 20:22:20",NULL
"131","bung","2020-04-01 20:22:20",NULL
"132","cara","2020-04-01 20:22:20",NULL
"133","caranya","2020-04-01 20:22:20",NULL
"134","cukup","2020-04-01 20:22:20",NULL
"135","cukupkah","2020-04-01 20:22:20",NULL
"136","cukuplah","2020-04-01 20:22:20",NULL
"137","cuma","2020-04-01 20:22:20",NULL
"138","dahulu","2020-04-01 20:22:20",NULL
"139","dalam","2020-04-01 20:22:20",NULL
"140","dan","2020-04-01 20:22:20",NULL
"141","dapat","2020-04-01 20:22:20",NULL
"142","dari","2020-04-01 20:22:20",NULL
"143","daripada","2020-04-01 20:22:20",NULL
"144","datang","2020-04-01 20:22:20",NULL
"145","dekat","2020-04-01 20:22:20",NULL
"146","demi","2020-04-01 20:22:20",NULL
"147","demikian","2020-04-01 20:22:20",NULL
"148","demikianlah","2020-04-01 20:22:20",NULL
"149","dengan","2020-04-01 20:22:20",NULL
"150","depan","2020-04-01 20:22:20",NULL
"151","di","2020-04-01 20:22:20",NULL
"152","dia","2020-04-01 20:22:20",NULL
"153","diakhiri","2020-04-01 20:22:20",NULL
"154","diakhirinya","2020-04-01 20:22:20",NULL
"155","dialah","2020-04-01 20:22:20",NULL
"156","diantara","2020-04-01 20:22:20",NULL
"157","diantaranya","2020-04-01 20:22:20",NULL
"158","diberi","2020-04-01 20:22:20",NULL
"159","diberikan","2020-04-01 20:22:20",NULL
"160","diberikannya","2020-04-01 20:22:20",NULL
"161","dibuat","2020-04-01 20:22:20",NULL
"162","dibuatnya","2020-04-01 20:22:20",NULL
"163","didapat","2020-04-01 20:22:20",NULL
"164","didatangkan","2020-04-01 20:22:20",NULL
"165","digunakan","2020-04-01 20:22:20",NULL
"166","diibaratkan","2020-04-01 20:22:20",NULL
"167","diibaratkannya","2020-04-01 20:22:20",NULL
"168","diingat","2020-04-01 20:22:20",NULL
"169","diingatkan","2020-04-01 20:22:20",NULL
"170","diinginkan","2020-04-01 20:22:20",NULL
"171","dijawab","2020-04-01 20:22:20",NULL
"172","dijelaskan","2020-04-01 20:22:20",NULL
"173","dijelaskannya","2020-04-01 20:22:20",NULL
"174","dikarenakan","2020-04-01 20:22:20",NULL
"175","dikatakan","2020-04-01 20:22:20",NULL
"176","dikatakannya","2020-04-01 20:22:20",NULL
"177","dikerjakan","2020-04-01 20:22:20",NULL
"178","diketahui","2020-04-01 20:22:20",NULL
"179","diketahuinya","2020-04-01 20:22:20",NULL
"180","dikira","2020-04-01 20:22:20",NULL
"181","dilakukan","2020-04-01 20:22:20",NULL
"182","dilalui","2020-04-01 20:22:20",NULL
"183","dilihat","2020-04-01 20:22:20",NULL
"184","dimaksud","2020-04-01 20:22:20",NULL
"185","dimaksudkan","2020-04-01 20:22:20",NULL
"186","dimaksudkannya","2020-04-01 20:22:20",NULL
"187","dimaksudnya","2020-04-01 20:22:20",NULL
"188","diminta","2020-04-01 20:22:20",NULL
"189","dimintai","2020-04-01 20:22:20",NULL
"190","dimisalkan","2020-04-01 20:22:20",NULL
"191","dimulai","2020-04-01 20:22:20",NULL
"192","dimulailah","2020-04-01 20:22:20",NULL
"193","dimulainya","2020-04-01 20:22:20",NULL
"194","dimungkinkan","2020-04-01 20:22:20",NULL
"195","dini","2020-04-01 20:22:20",NULL
"196","dipastikan","2020-04-01 20:22:20",NULL
"197","diperbuat","2020-04-01 20:22:20",NULL
"198","diperbuatnya","2020-04-01 20:22:20",NULL
"199","dipergunakan","2020-04-01 20:22:20",NULL
"200","diperkirakan","2020-04-01 20:22:20",NULL
"201","diperlihatkan","2020-04-01 20:22:20",NULL
"202","diperlukan","2020-04-01 20:22:20",NULL
"203","diperlukannya","2020-04-01 20:22:20",NULL
"204","dipersoalkan","2020-04-01 20:22:20",NULL
"205","dipertanyakan","2020-04-01 20:22:20",NULL
"206","dipunyai","2020-04-01 20:22:20",NULL
"207","diri","2020-04-01 20:22:20",NULL
"208","dirinya","2020-04-01 20:22:20",NULL
"209","disampaikan","2020-04-01 20:22:20",NULL
"210","disebut","2020-04-01 20:22:20",NULL
"211","disebutkan","2020-04-01 20:22:20",NULL
"212","disebutkannya","2020-04-01 20:22:20",NULL
"213","disini","2020-04-01 20:22:20",NULL
"214","disinilah","2020-04-01 20:22:20",NULL
"215","ditambahkan","2020-04-01 20:22:20",NULL
"216","ditandaskan","2020-04-01 20:22:20",NULL
"217","ditanya","2020-04-01 20:22:20",NULL
"218","ditanyai","2020-04-01 20:22:21",NULL
"219","ditanyakan","2020-04-01 20:22:21",NULL
"220","ditegaskan","2020-04-01 20:22:21",NULL
"221","ditujukan","2020-04-01 20:22:21",NULL
"222","ditunjuk","2020-04-01 20:22:21",NULL
"223","ditunjuki","2020-04-01 20:22:21",NULL
"224","ditunjukkan","2020-04-01 20:22:21",NULL
"225","ditunjukkannya","2020-04-01 20:22:21",NULL
"226","ditunjuknya","2020-04-01 20:22:21",NULL
"227","dituturkan","2020-04-01 20:22:21",NULL
"228","dituturkannya","2020-04-01 20:22:21",NULL
"229","diucapkan","2020-04-01 20:22:21",NULL
"230","diucapkannya","2020-04-01 20:22:21",NULL
"231","diungkapkan","2020-04-01 20:22:21",NULL
"232","dong","2020-04-01 20:22:21",NULL
"233","dua","2020-04-01 20:22:21",NULL
"234","dulu","2020-04-01 20:22:21",NULL
"235","empat","2020-04-01 20:22:21",NULL
"236","enggak","2020-04-01 20:22:21",NULL
"237","enggaknya","2020-04-01 20:22:21",NULL
"238","entah","2020-04-01 20:22:21",NULL
"239","entahlah","2020-04-01 20:22:21",NULL
"240","guna","2020-04-01 20:22:21",NULL
"241","gunakan","2020-04-01 20:22:21",NULL
"242","hal","2020-04-01 20:22:21",NULL
"243","hampir","2020-04-01 20:22:21",NULL
"244","hanya","2020-04-01 20:22:21",NULL
"245","hanyalah","2020-04-01 20:22:21",NULL
"246","hari","2020-04-01 20:22:21",NULL
"247","harus","2020-04-01 20:22:21",NULL
"248","haruslah","2020-04-01 20:22:21",NULL
"249","harusnya","2020-04-01 20:22:21",NULL
"250","hendak","2020-04-01 20:22:21",NULL
"251","hendaklah","2020-04-01 20:22:21",NULL
"252","hendaknya","2020-04-01 20:22:21",NULL
"253","hingga","2020-04-01 20:22:21",NULL
"254","ia","2020-04-01 20:22:21",NULL
"255","ialah","2020-04-01 20:22:21",NULL
"256","ibarat","2020-04-01 20:22:21",NULL
"257","ibaratkan","2020-04-01 20:22:21",NULL
"258","ibaratnya","2020-04-01 20:22:21",NULL
"259","ibu","2020-04-01 20:22:21",NULL
"260","ikut","2020-04-01 20:22:21",NULL
"261","ingat","2020-04-01 20:22:21",NULL
"262","ingat-ingat","2020-04-01 20:22:21",NULL
"263","ingin","2020-04-01 20:22:21",NULL
"264","inginkah","2020-04-01 20:22:21",NULL
"265","inginkan","2020-04-01 20:22:21",NULL
"266","ini","2020-04-01 20:22:21",NULL
"267","inikah","2020-04-01 20:22:21",NULL
"268","inilah","2020-04-01 20:22:21",NULL
"269","itu","2020-04-01 20:22:21",NULL
"270","itukah","2020-04-01 20:22:21",NULL
"271","itulah","2020-04-01 20:22:21",NULL
"272","jadi","2020-04-01 20:22:21",NULL
"273","jadilah","2020-04-01 20:22:21",NULL
"274","jadinya","2020-04-01 20:22:21",NULL
"275","jangan","2020-04-01 20:22:21",NULL
"276","jangankan","2020-04-01 20:22:21",NULL
"277","janganlah","2020-04-01 20:22:21",NULL
"278","jauh","2020-04-01 20:22:21",NULL
"279","jawab","2020-04-01 20:22:21",NULL
"280","jawaban","2020-04-01 20:22:21",NULL
"281","jawabnya","2020-04-01 20:22:21",NULL
"282","jelas","2020-04-01 20:22:21",NULL
"283","jelaskan","2020-04-01 20:22:21",NULL
"284","jelaslah","2020-04-01 20:22:21",NULL
"285","jelasnya","2020-04-01 20:22:21",NULL
"286","jika","2020-04-01 20:22:21",NULL
"287","jikalau","2020-04-01 20:22:21",NULL
"288","juga","2020-04-01 20:22:21",NULL
"289","jumlah","2020-04-01 20:22:21",NULL
"290","jumlahnya","2020-04-01 20:22:21",NULL
"291","justru","2020-04-01 20:22:21",NULL
"292","kala","2020-04-01 20:22:21",NULL
"293","kalau","2020-04-01 20:22:21",NULL
"294","kalaulah","2020-04-01 20:22:21",NULL
"295","kalaupun","2020-04-01 20:22:21",NULL
"296","kalian","2020-04-01 20:22:21",NULL
"297","kami","2020-04-01 20:22:21",NULL
"298","kamilah","2020-04-01 20:22:21",NULL
"299","kamu","2020-04-01 20:22:21",NULL
"300","kamulah","2020-04-01 20:22:21",NULL
"301","kan","2020-04-01 20:22:21",NULL
"302","kapan","2020-04-01 20:22:21",NULL
"303","kapankah","2020-04-01 20:22:21",NULL
"304","kapanpun","2020-04-01 20:22:21",NULL
"305","karena","2020-04-01 20:22:21",NULL
"306","karenanya","2020-04-01 20:22:21",NULL
"307","kasus","2020-04-01 20:22:21",NULL
"308","kata","2020-04-01 20:22:21",NULL
"309","katakan","2020-04-01 20:22:21",NULL
"310","katakanlah","2020-04-01 20:22:21",NULL
"311","katanya","2020-04-01 20:22:21",NULL
"312","ke","2020-04-01 20:22:21",NULL
"313","keadaan","2020-04-01 20:22:21",NULL
"314","kebetulan","2020-04-01 20:22:21",NULL
"315","kecil","2020-04-01 20:22:21",NULL
"316","kedua","2020-04-01 20:22:21",NULL
"317","keduanya","2020-04-01 20:22:21",NULL
"318","keinginan","2020-04-01 20:22:21",NULL
"319","kelamaan","2020-04-01 20:22:21",NULL
"320","kelihatan","2020-04-01 20:22:21",NULL
"321","kelihatannya","2020-04-01 20:22:21",NULL
"322","kelima","2020-04-01 20:22:21",NULL
"323","keluar","2020-04-01 20:22:21",NULL
"324","kembali","2020-04-01 20:22:21",NULL
"325","kemudian","2020-04-01 20:22:21",NULL
"326","kemungkinan","2020-04-01 20:22:21",NULL
"327","kemungkinannya","2020-04-01 20:22:21",NULL
"328","kenapa","2020-04-01 20:22:21",NULL
"329","kepada","2020-04-01 20:22:21",NULL
"330","kepadanya","2020-04-01 20:22:21",NULL
"331","kesampaian","2020-04-01 20:22:21",NULL
"332","keseluruhan","2020-04-01 20:22:21",NULL
"333","keseluruhannya","2020-04-01 20:22:21",NULL
"334","keterlaluan","2020-04-01 20:22:21",NULL
"335","ketika","2020-04-01 20:22:21",NULL
"336","khususnya","2020-04-01 20:22:21",NULL
"337","kini","2020-04-01 20:22:21",NULL
"338","kinilah","2020-04-01 20:22:21",NULL
"339","kira","2020-04-01 20:22:21",NULL
"340","kira-kira","2020-04-01 20:22:21",NULL
"341","kiranya","2020-04-01 20:22:21",NULL
"342","kita","2020-04-01 20:22:21",NULL
"343","kitalah","2020-04-01 20:22:21",NULL
"344","kok","2020-04-01 20:22:21",NULL
"345","kurang","2020-04-01 20:22:21",NULL
"346","lagi","2020-04-01 20:22:21",NULL
"347","lagian","2020-04-01 20:22:21",NULL
"348","lah","2020-04-01 20:22:21",NULL
"349","lain","2020-04-01 20:22:21",NULL
"350","lainnya","2020-04-01 20:22:21",NULL
"351","lalu","2020-04-01 20:22:21",NULL
"352","lama","2020-04-01 20:22:21",NULL
"353","lamanya","2020-04-01 20:22:21",NULL
"354","lanjut","2020-04-01 20:22:21",NULL
"355","lanjutnya","2020-04-01 20:22:21",NULL
"356","lebih","2020-04-01 20:22:21",NULL
"357","lewat","2020-04-01 20:22:21",NULL
"358","lima","2020-04-01 20:22:21",NULL
"359","luar","2020-04-01 20:22:21",NULL
"360","macam","2020-04-01 20:22:21",NULL
"361","maka","2020-04-01 20:22:21",NULL
"362","makanya","2020-04-01 20:22:21",NULL
"363","makin","2020-04-01 20:22:21",NULL
"364","malah","2020-04-01 20:22:21",NULL
"365","malahan","2020-04-01 20:22:21",NULL
"366","mampu","2020-04-01 20:22:21",NULL
"367","mampukah","2020-04-01 20:22:21",NULL
"368","mana","2020-04-01 20:22:21",NULL
"369","manakala","2020-04-01 20:22:21",NULL
"370","manalagi","2020-04-01 20:22:21",NULL
"371","masa","2020-04-01 20:22:21",NULL
"372","masalah","2020-04-01 20:22:21",NULL
"373","masalahnya","2020-04-01 20:22:21",NULL
"374","masih","2020-04-01 20:22:21",NULL
"375","masihkah","2020-04-01 20:22:21",NULL
"376","masing","2020-04-01 20:22:21",NULL
"377","masing-masing","2020-04-01 20:22:21",NULL
"378","mau","2020-04-01 20:22:21",NULL
"379","maupun","2020-04-01 20:22:21",NULL
"380","melainkan","2020-04-01 20:22:21",NULL
"381","melakukan","2020-04-01 20:22:21",NULL
"382","melalui","2020-04-01 20:22:21",NULL
"383","melihat","2020-04-01 20:22:21",NULL
"384","melihatnya","2020-04-01 20:22:21",NULL
"385","memang","2020-04-01 20:22:21",NULL
"386","memastikan","2020-04-01 20:22:21",NULL
"387","memberi","2020-04-01 20:22:21",NULL
"388","memberikan","2020-04-01 20:22:21",NULL
"389","membuat","2020-04-01 20:22:21",NULL
"390","memerlukan","2020-04-01 20:22:21",NULL
"391","memihak","2020-04-01 20:22:21",NULL
"392","meminta","2020-04-01 20:22:21",NULL
"393","memintakan","2020-04-01 20:22:21",NULL
"394","memisalkan","2020-04-01 20:22:21",NULL
"395","memperbuat","2020-04-01 20:22:21",NULL
"396","mempergunakan","2020-04-01 20:22:21",NULL
"397","memperkirakan","2020-04-01 20:22:21",NULL
"398","memperlihatkan","2020-04-01 20:22:21",NULL
"399","mempersiapkan","2020-04-01 20:22:21",NULL
"400","mempersoalkan","2020-04-01 20:22:21",NULL
"401","mempertanyakan","2020-04-01 20:22:21",NULL
"402","mempunyai","2020-04-01 20:22:21",NULL
"403","memulai","2020-04-01 20:22:21",NULL
"404","memungkinkan","2020-04-01 20:22:21",NULL
"405","menaiki","2020-04-01 20:22:21",NULL
"406","menambahkan","2020-04-01 20:22:21",NULL
"407","menandaskan","2020-04-01 20:22:21",NULL
"408","menanti","2020-04-01 20:22:21",NULL
"409","menanti-nanti","2020-04-01 20:22:21",NULL
"410","menantikan","2020-04-01 20:22:21",NULL
"411","menanya","2020-04-01 20:22:21",NULL
"412","menanyai","2020-04-01 20:22:21",NULL
"413","menanyakan","2020-04-01 20:22:21",NULL
"414","mendapat","2020-04-01 20:22:21",NULL
"415","mendapatkan","2020-04-01 20:22:21",NULL
"416","mendatang","2020-04-01 20:22:21",NULL
"417","mendatangi","2020-04-01 20:22:21",NULL
"418","mendatangkan","2020-04-01 20:22:21",NULL
"419","menegaskan","2020-04-01 20:22:21",NULL
"420","mengakhiri","2020-04-01 20:22:21",NULL
"421","mengapa","2020-04-01 20:22:21",NULL
"422","mengatakan","2020-04-01 20:22:21",NULL
"423","mengatakannya","2020-04-01 20:22:21",NULL
"424","mengenai","2020-04-01 20:22:21",NULL
"425","mengerjakan","2020-04-01 20:22:21",NULL
"426","mengetahui","2020-04-01 20:22:21",NULL
"427","menggunakan","2020-04-01 20:22:21",NULL
"428","menghendaki","2020-04-01 20:22:21",NULL
"429","mengibaratkan","2020-04-01 20:22:21",NULL
"430","mengibaratkannya","2020-04-01 20:22:21",NULL
"431","mengingat","2020-04-01 20:22:21",NULL
"432","mengingatkan","2020-04-01 20:22:21",NULL
"433","menginginkan","2020-04-01 20:22:21",NULL
"434","mengira","2020-04-01 20:22:21",NULL
"435","mengucapkan","2020-04-01 20:22:21",NULL
"436","mengucapkannya","2020-04-01 20:22:21",NULL
"437","mengungkapkan","2020-04-01 20:22:21",NULL
"438","menjadi","2020-04-01 20:22:21",NULL
"439","menjawab","2020-04-01 20:22:21",NULL
"440","menjelaskan","2020-04-01 20:22:21",NULL
"441","menuju","2020-04-01 20:22:21",NULL
"442","menunjuk","2020-04-01 20:22:21",NULL
"443","menunjuki","2020-04-01 20:22:21",NULL
"444","menunjukkan","2020-04-01 20:22:21",NULL
"445","menunjuknya","2020-04-01 20:22:21",NULL
"446","menurut","2020-04-01 20:22:21",NULL
"447","menuturkan","2020-04-01 20:22:21",NULL
"448","menyampaikan","2020-04-01 20:22:21",NULL
"449","menyangkut","2020-04-01 20:22:21",NULL
"450","menyatakan","2020-04-01 20:22:21",NULL
"451","menyebutkan","2020-04-01 20:22:21",NULL
"452","menyeluruh","2020-04-01 20:22:21",NULL
"453","menyiapkan","2020-04-01 20:22:21",NULL
"454","merasa","2020-04-01 20:22:21",NULL
"455","mereka","2020-04-01 20:22:21",NULL
"456","merekalah","2020-04-01 20:22:21",NULL
"457","merupakan","2020-04-01 20:22:21",NULL
"458","meski","2020-04-01 20:22:21",NULL
"459","meskipun","2020-04-01 20:22:21",NULL
"460","meyakini","2020-04-01 20:22:21",NULL
"461","meyakinkan","2020-04-01 20:22:21",NULL
"462","minta","2020-04-01 20:22:21",NULL
"463","mirip","2020-04-01 20:22:21",NULL
"464","misal","2020-04-01 20:22:21",NULL
"465","misalkan","2020-04-01 20:22:21",NULL
"466","misalnya","2020-04-01 20:22:21",NULL
"467","mula","2020-04-01 20:22:21",NULL
"468","mulai","2020-04-01 20:22:21",NULL
"469","mulailah","2020-04-01 20:22:21",NULL
"470","mulanya","2020-04-01 20:22:21",NULL
"471","mungkin","2020-04-01 20:22:21",NULL
"472","mungkinkah","2020-04-01 20:22:21",NULL
"473","nah","2020-04-01 20:22:21",NULL
"474","naik","2020-04-01 20:22:21",NULL
"475","namun","2020-04-01 20:22:21",NULL
"476","nanti","2020-04-01 20:22:21",NULL
"477","nantinya","2020-04-01 20:22:21",NULL
"478","nyaris","2020-04-01 20:22:21",NULL
"479","nyatanya","2020-04-01 20:22:21",NULL
"480","oleh","2020-04-01 20:22:21",NULL
"481","olehnya","2020-04-01 20:22:21",NULL
"482","pada","2020-04-01 20:22:21",NULL
"483","padahal","2020-04-01 20:22:21",NULL
"484","padanya","2020-04-01 20:22:21",NULL
"485","pak","2020-04-01 20:22:21",NULL
"486","paling","2020-04-01 20:22:21",NULL
"487","panjang","2020-04-01 20:22:21",NULL
"488","pantas","2020-04-01 20:22:21",NULL
"489","para","2020-04-01 20:22:21",NULL
"490","pasti","2020-04-01 20:22:21",NULL
"491","pastilah","2020-04-01 20:22:21",NULL
"492","penting","2020-04-01 20:22:21",NULL
"493","pentingnya","2020-04-01 20:22:21",NULL
"494","per","2020-04-01 20:22:21",NULL
"495","percuma","2020-04-01 20:22:21",NULL
"496","perlu","2020-04-01 20:22:21",NULL
"497","perlukah","2020-04-01 20:22:21",NULL
"498","perlunya","2020-04-01 20:22:21",NULL
"499","pernah","2020-04-01 20:22:21",NULL
"500","persoalan","2020-04-01 20:22:21",NULL
"501","pertama","2020-04-01 20:22:21",NULL
"502","pertama-tama","2020-04-01 20:22:21",NULL
"503","pertanyaan","2020-04-01 20:22:21",NULL
"504","pertanyakan","2020-04-01 20:22:21",NULL
"505","pihak","2020-04-01 20:22:21",NULL
"506","pihaknya","2020-04-01 20:22:21",NULL
"507","pukul","2020-04-01 20:22:21",NULL
"508","pula","2020-04-01 20:22:21",NULL
"509","pun","2020-04-01 20:22:21",NULL
"510","punya","2020-04-01 20:22:21",NULL
"511","rasa","2020-04-01 20:22:21",NULL
"512","rasanya","2020-04-01 20:22:22",NULL
"513","rata","2020-04-01 20:22:22",NULL
"514","rupanya","2020-04-01 20:22:22",NULL
"515","saat","2020-04-01 20:22:22",NULL
"516","saatnya","2020-04-01 20:22:22",NULL
"517","saja","2020-04-01 20:22:22",NULL
"518","sajalah","2020-04-01 20:22:22",NULL
"519","saling","2020-04-01 20:22:22",NULL
"520","sama","2020-04-01 20:22:22",NULL
"521","sama-sama","2020-04-01 20:22:22",NULL
"522","sambil","2020-04-01 20:22:22",NULL
"523","sampai","2020-04-01 20:22:22",NULL
"524","sampai-sampai","2020-04-01 20:22:22",NULL
"525","sampaikan","2020-04-01 20:22:22",NULL
"526","sana","2020-04-01 20:22:22",NULL
"527","sangat","2020-04-01 20:22:22",NULL
"528","sangatlah","2020-04-01 20:22:22",NULL
"529","satu","2020-04-01 20:22:22",NULL
"530","saya","2020-04-01 20:22:22",NULL
"531","sayalah","2020-04-01 20:22:22",NULL
"532","se","2020-04-01 20:22:22",NULL
"533","sebab","2020-04-01 20:22:22",NULL
"534","sebabnya","2020-04-01 20:22:22",NULL
"535","sebagai","2020-04-01 20:22:22",NULL
"536","sebagaimana","2020-04-01 20:22:22",NULL
"537","sebagainya","2020-04-01 20:22:22",NULL
"538","sebagian","2020-04-01 20:22:22",NULL
"539","sebaik","2020-04-01 20:22:22",NULL
"540","sebaik-baiknya","2020-04-01 20:22:22",NULL
"541","sebaiknya","2020-04-01 20:22:22",NULL
"542","sebaliknya","2020-04-01 20:22:22",NULL
"543","sebanyak","2020-04-01 20:22:22",NULL
"544","sebegini","2020-04-01 20:22:22",NULL
"545","sebegitu","2020-04-01 20:22:22",NULL
"546","sebelum","2020-04-01 20:22:22",NULL
"547","sebelumnya","2020-04-01 20:22:22",NULL
"548","sebenarnya","2020-04-01 20:22:22",NULL
"549","seberapa","2020-04-01 20:22:22",NULL
"550","sebesar","2020-04-01 20:22:22",NULL
"551","sebetulnya","2020-04-01 20:22:22",NULL
"552","sebisanya","2020-04-01 20:22:22",NULL
"553","sebuah","2020-04-01 20:22:22",NULL
"554","sebut","2020-04-01 20:22:22",NULL
"555","sebutlah","2020-04-01 20:22:22",NULL
"556","sebutnya","2020-04-01 20:22:22",NULL
"557","secara","2020-04-01 20:22:22",NULL
"558","secukupnya","2020-04-01 20:22:22",NULL
"559","sedang","2020-04-01 20:22:22",NULL
"560","sedangkan","2020-04-01 20:22:22",NULL
"561","sedemikian","2020-04-01 20:22:22",NULL
"562","sedikit","2020-04-01 20:22:22",NULL
"563","sedikitnya","2020-04-01 20:22:22",NULL
"564","seenaknya","2020-04-01 20:22:22",NULL
"565","segala","2020-04-01 20:22:22",NULL
"566","segalanya","2020-04-01 20:22:22",NULL
"567","segera","2020-04-01 20:22:22",NULL
"568","seharusnya","2020-04-01 20:22:22",NULL
"569","sehingga","2020-04-01 20:22:22",NULL
"570","seingat","2020-04-01 20:22:22",NULL
"571","sejak","2020-04-01 20:22:22",NULL
"572","sejauh","2020-04-01 20:22:22",NULL
"573","sejenak","2020-04-01 20:22:22",NULL
"574","sejumlah","2020-04-01 20:22:22",NULL
"575","sekadar","2020-04-01 20:22:22",NULL
"576","sekadarnya","2020-04-01 20:22:22",NULL
"577","sekali","2020-04-01 20:22:22",NULL
"578","sekali-kali","2020-04-01 20:22:22",NULL
"579","sekalian","2020-04-01 20:22:22",NULL
"580","sekaligus","2020-04-01 20:22:22",NULL
"581","sekalipun","2020-04-01 20:22:22",NULL
"582","sekarang","2020-04-01 20:22:22",NULL
"583","sekarang","2020-04-01 20:22:22",NULL
"584","sekecil","2020-04-01 20:22:22",NULL
"585","seketika","2020-04-01 20:22:22",NULL
"586","sekiranya","2020-04-01 20:22:22",NULL
"587","sekitar","2020-04-01 20:22:22",NULL
"588","sekitarnya","2020-04-01 20:22:22",NULL
"589","sekurang-kurangnya","2020-04-01 20:22:22",NULL
"590","sekurangnya","2020-04-01 20:22:22",NULL
"591","sela","2020-04-01 20:22:22",NULL
"592","selain","2020-04-01 20:22:22",NULL
"593","selaku","2020-04-01 20:22:22",NULL
"594","selalu","2020-04-01 20:22:22",NULL
"595","selama","2020-04-01 20:22:22",NULL
"596","selama-lamanya","2020-04-01 20:22:22",NULL
"597","selamanya","2020-04-01 20:22:22",NULL
"598","selanjutnya","2020-04-01 20:22:22",NULL
"599","seluruh","2020-04-01 20:22:22",NULL
"600","seluruhnya","2020-04-01 20:22:22",NULL
"601","semacam","2020-04-01 20:22:22",NULL
"602","semakin","2020-04-01 20:22:22",NULL
"603","semampu","2020-04-01 20:22:22",NULL
"604","semampunya","2020-04-01 20:22:22",NULL
"605","semasa","2020-04-01 20:22:22",NULL
"606","semasih","2020-04-01 20:22:22",NULL
"607","semata","2020-04-01 20:22:22",NULL
"608","semata-mata","2020-04-01 20:22:22",NULL
"609","semaunya","2020-04-01 20:22:22",NULL
"610","sementara","2020-04-01 20:22:22",NULL
"611","semisal","2020-04-01 20:22:22",NULL
"612","semisalnya","2020-04-01 20:22:22",NULL
"613","sempat","2020-04-01 20:22:22",NULL
"614","semua","2020-04-01 20:22:22",NULL
"615","semuanya","2020-04-01 20:22:22",NULL
"616","semula","2020-04-01 20:22:22",NULL
"617","sendiri","2020-04-01 20:22:22",NULL
"618","sendirian","2020-04-01 20:22:22",NULL
"619","sendirinya","2020-04-01 20:22:22",NULL
"620","seolah","2020-04-01 20:22:22",NULL
"621","seolah-olah","2020-04-01 20:22:22",NULL
"622","seorang","2020-04-01 20:22:22",NULL
"623","sepanjang","2020-04-01 20:22:22",NULL
"624","sepantasnya","2020-04-01 20:22:22",NULL
"625","sepantasnyalah","2020-04-01 20:22:22",NULL
"626","seperlunya","2020-04-01 20:22:22",NULL
"627","seperti","2020-04-01 20:22:22",NULL
"628","sepertinya","2020-04-01 20:22:22",NULL
"629","sepihak","2020-04-01 20:22:22",NULL
"630","sering","2020-04-01 20:22:22",NULL
"631","seringnya","2020-04-01 20:22:22",NULL
"632","serta","2020-04-01 20:22:22",NULL
"633","serupa","2020-04-01 20:22:22",NULL
"634","sesaat","2020-04-01 20:22:22",NULL
"635","sesama","2020-04-01 20:22:22",NULL
"636","sesampai","2020-04-01 20:22:22",NULL
"637","sesegera","2020-04-01 20:22:22",NULL
"638","sesekali","2020-04-01 20:22:22",NULL
"639","seseorang","2020-04-01 20:22:22",NULL
"640","sesuatu","2020-04-01 20:22:22",NULL
"641","sesuatunya","2020-04-01 20:22:22",NULL
"642","sesudah","2020-04-01 20:22:22",NULL
"643","sesudahnya","2020-04-01 20:22:22",NULL
"644","setelah","2020-04-01 20:22:22",NULL
"645","setempat","2020-04-01 20:22:22",NULL
"646","setengah","2020-04-01 20:22:22",NULL
"647","seterusnya","2020-04-01 20:22:22",NULL
"648","setiap","2020-04-01 20:22:22",NULL
"649","setiba","2020-04-01 20:22:22",NULL
"650","setibanya","2020-04-01 20:22:22",NULL
"651","setidak-tidaknya","2020-04-01 20:22:22",NULL
"652","setidaknya","2020-04-01 20:22:22",NULL
"653","setinggi","2020-04-01 20:22:22",NULL
"654","seusai","2020-04-01 20:22:22",NULL
"655","sewaktu","2020-04-01 20:22:22",NULL
"656","siap","2020-04-01 20:22:22",NULL
"657","siapa","2020-04-01 20:22:22",NULL
"658","siapakah","2020-04-01 20:22:22",NULL
"659","siapapun","2020-04-01 20:22:22",NULL
"660","sini","2020-04-01 20:22:22",NULL
"661","sinilah","2020-04-01 20:22:22",NULL
"662","soal","2020-04-01 20:22:22",NULL
"663","soalnya","2020-04-01 20:22:22",NULL
"664","suatu","2020-04-01 20:22:22",NULL
"665","sudah","2020-04-01 20:22:22",NULL
"666","sudahkah","2020-04-01 20:22:22",NULL
"667","sudahlah","2020-04-01 20:22:22",NULL
"668","supaya","2020-04-01 20:22:22",NULL
"669","tadi","2020-04-01 20:22:22",NULL
"670","tadinya","2020-04-01 20:22:22",NULL
"671","tahu","2020-04-01 20:22:22",NULL
"672","tahun","2020-04-01 20:22:22",NULL
"673","tak","2020-04-01 20:22:22",NULL
"674","tambah","2020-04-01 20:22:22",NULL
"675","tambahnya","2020-04-01 20:22:22",NULL
"676","tampak","2020-04-01 20:22:22",NULL
"677","tampaknya","2020-04-01 20:22:22",NULL
"678","tandas","2020-04-01 20:22:22",NULL
"679","tandasnya","2020-04-01 20:22:22",NULL
"680","tanpa","2020-04-01 20:22:22",NULL
"681","tanya","2020-04-01 20:22:22",NULL
"682","tanyakan","2020-04-01 20:22:22",NULL
"683","tanyanya","2020-04-01 20:22:22",NULL
"684","tapi","2020-04-01 20:22:22",NULL
"685","tegas","2020-04-01 20:22:22",NULL
"686","tegasnya","2020-04-01 20:22:22",NULL
"687","telah","2020-04-01 20:22:22",NULL
"688","tempat","2020-04-01 20:22:22",NULL
"689","tengah","2020-04-01 20:22:22",NULL
"690","tentang","2020-04-01 20:22:22",NULL
"691","tentu","2020-04-01 20:22:22",NULL
"692","tentulah","2020-04-01 20:22:22",NULL
"693","tentunya","2020-04-01 20:22:22",NULL
"694","tepat","2020-04-01 20:22:22",NULL
"695","terakhir","2020-04-01 20:22:22",NULL
"696","terasa","2020-04-01 20:22:22",NULL
"697","terbanyak","2020-04-01 20:22:22",NULL
"698","terdahulu","2020-04-01 20:22:22",NULL
"699","terdapat","2020-04-01 20:22:22",NULL
"700","terdiri","2020-04-01 20:22:22",NULL
"701","terhadap","2020-04-01 20:22:22",NULL
"702","terhadapnya","2020-04-01 20:22:22",NULL
"703","teringat","2020-04-01 20:22:22",NULL
"704","teringat-ingat","2020-04-01 20:22:22",NULL
"705","terjadi","2020-04-01 20:22:22",NULL
"706","terjadilah","2020-04-01 20:22:22",NULL
"707","terjadinya","2020-04-01 20:22:22",NULL
"708","terkira","2020-04-01 20:22:22",NULL
"709","terlalu","2020-04-01 20:22:22",NULL
"710","terlebih","2020-04-01 20:22:22",NULL
"711","terlihat","2020-04-01 20:22:22",NULL
"712","termasuk","2020-04-01 20:22:22",NULL
"713","ternyata","2020-04-01 20:22:22",NULL
"714","tersampaikan","2020-04-01 20:22:22",NULL
"715","tersebut","2020-04-01 20:22:22",NULL
"716","tersebutlah","2020-04-01 20:22:22",NULL
"717","tertentu","2020-04-01 20:22:22",NULL
"718","tertuju","2020-04-01 20:22:22",NULL
"719","terus","2020-04-01 20:22:22",NULL
"720","terutama","2020-04-01 20:22:22",NULL
"721","tetap","2020-04-01 20:22:22",NULL
"722","tetapi","2020-04-01 20:22:22",NULL
"723","tiap","2020-04-01 20:22:22",NULL
"724","tiba","2020-04-01 20:22:22",NULL
"725","tiba-tiba","2020-04-01 20:22:22",NULL
"726","tidak","2020-04-01 20:22:22",NULL
"727","tidakkah","2020-04-01 20:22:22",NULL
"728","tidaklah","2020-04-01 20:22:22",NULL
"729","tiga","2020-04-01 20:22:22",NULL
"730","tinggi","2020-04-01 20:22:22",NULL
"731","toh","2020-04-01 20:22:22",NULL
"732","tunjuk","2020-04-01 20:22:22",NULL
"733","turut","2020-04-01 20:22:22",NULL
"734","tutur","2020-04-01 20:22:22",NULL
"735","tuturnya","2020-04-01 20:22:22",NULL
"736","ucap","2020-04-01 20:22:22",NULL
"737","ucapnya","2020-04-01 20:22:22",NULL
"738","ujar","2020-04-01 20:22:22",NULL
"739","ujarnya","2020-04-01 20:22:22",NULL
"740","umum","2020-04-01 20:22:22",NULL
"741","umumnya","2020-04-01 20:22:22",NULL
"742","ungkap","2020-04-01 20:22:22",NULL
"743","ungkapnya","2020-04-01 20:22:22",NULL
"744","untuk","2020-04-01 20:22:22",NULL
"745","usah","2020-04-01 20:22:22",NULL
"746","usai","2020-04-01 20:22:22",NULL
"747","waduh","2020-04-01 20:22:22",NULL
"748","wah","2020-04-01 20:22:22",NULL
"749","wahai","2020-04-01 20:22:22",NULL
"750","waktu","2020-04-01 20:22:22",NULL
"751","waktunya","2020-04-01 20:22:22",NULL
"752","walau","2020-04-01 20:22:22",NULL
"753","walaupun","2020-04-01 20:22:22",NULL
"754","wong","2020-04-01 20:22:22",NULL
"755","yaitu","2020-04-01 20:22:22",NULL
"756","yakin","2020-04-01 20:22:22",NULL
"757","yakni","2020-04-01 20:22:22",NULL
"758","yang","2020-04-01 20:22:22",NULL
"759","www","2020-04-02 23:03:26",NULL
"760","http","2020-04-02 23:03:34",NULL
"761","https","2020-04-02 23:03:54",NULL
"762","selamat","2020-04-02 23:11:58",NULL
"763","siang","2020-04-02 23:12:03",NULL
"764","sore","2020-04-02 23:12:07",NULL
"765","pagi","2020-04-02 23:12:10",NULL
"766","malam","2020-04-02 23:12:15",NULL
"767","petang","2020-04-02 23:12:20",NULL
"768","assalamualaikum","2020-04-02 23:13:56",NULL
"769","nya","2020-05-12 22:07:49",NULL
"770","kakak","2020-05-12 22:08:34",NULL
"771","nama","2020-05-14 05:32:53",NULL
"772","yth","2020-05-15 17:26:18",NULL
"773","terimakasih","2020-05-15 20:23:09",NULL
"774","salam","2020-05-15 20:23:14",NULL
"775","mohon","2020-05-17 03:16:24",NULL
"776","terima","2020-06-01 01:00:52",NULL
"777","kasih","2020-06-01 01:01:00",NULL
"778","e","2020-06-01 01:02:09",NULL
"779","m","2020-06-01 01:02:12",NULL
"780","a","2020-06-01 01:02:43",NULL
"781","b","2020-06-01 01:02:46",NULL
"782","c","2020-06-01 01:02:49",NULL
"783","d","2020-06-01 01:02:51",NULL
"784","f","2020-06-01 01:02:58",NULL
"785","g","2020-06-01 01:03:00",NULL
"786","h","2020-06-01 01:03:04",NULL
"787","i","2020-06-01 01:03:08",NULL
"788","j","2020-06-01 01:03:10",NULL
"789","k","2020-06-01 01:03:12",NULL
"790","l","2020-06-01 01:03:14",NULL
"791","n","2020-06-01 01:03:21",NULL
"792","o","2020-06-01 01:03:23",NULL
"793","p","2020-06-01 01:03:26",NULL
"794","q","2020-06-01 01:03:28",NULL
"795","r","2020-06-01 01:03:31",NULL
"796","s","2020-06-01 01:03:34",NULL
"797","t","2020-06-01 01:03:36",NULL
"798","u","2020-06-01 01:03:45",NULL
"799","v","2020-06-01 01:03:55",NULL
"800","w","2020-06-01 01:04:02",NULL
"801","x","2020-06-01 01:04:05",NULL
"802","y","2020-06-01 01:04:07",NULL
"803","z","2020-06-01 01:04:09",NULL
"805","test","2020-06-27 10:44:47",NULL
